80th anniversary of the constitution of the basque government in guernica
all saints day
ash wednesday
assumption of mary
canaries day observed
castile and león day
christmas day
christmas day observed
christmas eve
constitution day
corpus christi
daylight saving time ends
daylight saving time starts
day of andalucía
day of aragón
day of asturias
day of castile la mancha
day of catalonia
day of extremadura
day of la rioja
day of madrid
day of melilla
day of murcia
day of navarre
day of the balearic islands
day of the canary islands
day of the independent city of ceuta
day of the institutions
day of the valencian community
december solstice
easter monday
eid al adha
epiphany
feast day of st isidore
feast of saint james the apostle
feast of the holy family
galicia literature day
good friday
hispanic day
immaculate conception
june solstice
labor day
labor day observed
march equinox
maundy thursday
may day
mothers day
new years day
new years eve
nuestra señora de la bien aparecida
observed
palm sunday
pentecost
saint john the baptist day
san antonio
san jose
september equinox
st georges day
st stephens day
the day of cantabria
the day of our lady of africa
virgin of the victory
whit monday
whit sunday
